risk_band,n,avg_prob,diabetic_rate
Low,16058,0.005283624795059864,0.010773446257317226
Medium,2056,0.15197853705354025,0.11186770428015565
High,1976,0.6281852810913413,0.6204453441295547
